{
    "Version": 3,
    "Meta": {
        "Duration": 6.0,
        "Fps": 60.0,
        "Loop": true,
        "AreBeziersRestricted": true,
        "CurveCount": 3,
        "TotalSegmentCount": 27,
        "TotalPointCount": 30,
        "UserDataCount": 1,
        "TotalUserDataSize": 0
    },
    "Curves": [
        {
            "Target": "Parameter",
            "Id": "ParamEyeOpenMotion",
            "Segments": [
                0.0,
                0.0,
                1,
                0.09999999999999999,
                0.0,
                0.2,
                0.0,
                0.3,
                0.0,
                1,
                0.38899999999999996,
                0.0,
                0.478,
                -10.0,
                0.567,
                -10.0,
                1,
                0.7056666666666667,
                -10.0,
                0.8443333333333333,
                0.0,
                0.983,
                0.0,
                1,
                1.5496666666666665,
                0.0,
                2.1163333333333334,
                0.0,
                2.683,
                0.0,
                1,
                2.772,
                0.0,
                2.861,
                -10.0,
                2.95,
                -10.0,
                1,
                3.089,
                -10.0,
                3.228,
                0.0,
                3.367,
                0.0,
                1,
                3.7113333333333336,
                0.0,
                4.055666666666667,
                0.0,
                4.4,
                0.0,
                1,
                4.489,
                0.0,
                4.578,
                -10.0,
                4.667,
                -10.0,
                1,
                4.805666666666666,
                -10.0,
                4.944333333333334,
                0.0,
                5.083,
                0.0,
                1,
                5.3886666666666665,
                0.0,
                5.694333333333334,
                0.0,
                6.0,
                0.0
            ]
        },
        {
            "Target": "Parameter",
            "Id": "ParamEyeSizeMotion",
            "Segments": [
                0.0,
                0.0,
                1,
                0.18333333333333335,
                0.0,
                0.3666666666666667,
                0.0,
                0.55,
                0.0,
                1,
                0.661,
                0.0,
                0.772,
                -10.0,
                0.883,
                -10.0,
                1,
                1.7386666666666666,
                -10.0,
                2.5943333333333336,
                0.0,
                3.45,
                0.0,
                1,
                4.3,
                0.0,
                5.15,
                0.0,
                6.0,
                0.0
            ]
        },
        {
            "Target": "Parameter",
            "Id": "ParamBodyAngleYMotion",
            "Segments": [
                0.0,
                0.0,
                1,
                0.161,
                0.0,
                0.32199999999999995,
                0.0,
                0.483,
                0.0,
                1,
                0.5443333333333333,
                0.0,
                0.6056666666666667,
                10.0,
                0.667,
                10.0,
                1,
                0.8113333333333334,
                10.0,
                0.9556666666666668,
                0.0,
                1.1,
                0.0,
                1,
                1.6276666666666668,
                0.0,
                2.155333333333333,
                0.0,
                2.683,
                0.0,
                1,
                2.755333333333333,
                0.0,
                2.8276666666666666,
                10.0,
                2.9,
                10.0,
                1,
                3.0443333333333333,
                10.0,
                3.1886666666666668,
                0.0,
                3.333,
                0.0,
                1,
                3.6886666666666668,
                0.0,
                4.044333333333333,
                0.0,
                4.4,
                0.0,
                1,
                4.472333333333333,
                0.0,
                4.544666666666667,
                10.0,
                4.617,
                10.0,
                1,
                4.761333333333333,
                10.0,
                4.905666666666667,
                0.0,
                5.05,
                0.0,
                1,
                5.366666666666666,
                0.0,
                5.683333333333334,
                0.0,
                6.0,
                0.0
            ]
        }
    ],
    "UserData": [
        {
            "Time": 0.0,
            "Value": ""
        }
    ]
}