{
    "Version": 3,
    "Meta": {
        "Duration": 30.0,
        "Fps": 60.0,
        "Loop": true,
        "AreBeziersRestricted": true,
        "CurveCount": 3,
        "TotalSegmentCount": 106,
        "TotalPointCount": 109,
        "UserDataCount": 1,
        "TotalUserDataSize": 0
    },
    "Curves": [
        {
            "Target": "Parameter",
            "Id": "ParamEyeOpenMotion",
            "Segments": [
                0.0,
                0.0,
                1,
                0.7056666666666667,
                -0.021000021836000003,
                1.4113333333333333,
                -1.365,
                2.117,
                -1.365,
                1,
                3.283666666666667,
                -1.365,
                4.450333333333333,
                0.0,
                5.617,
                0.0,
                1,
                5.733666666666666,
                0.0,
                5.850333333333333,
                -10.0,
                5.967,
                -10.0,
                1,
                6.100333333333333,
                -10.0,
                6.233666666666666,
                -10.0,
                6.367,
                -10.0,
                1,
                6.594666666666667,
                -10.0,
                6.822333333333333,
                -2.2780021593333326,
                7.05,
                0.0,
                1,
                7.3999999999999995,
                3.5000031499999995,
                7.75,
                3.696,
                8.1,
                3.696,
                1,
                8.466666666666667,
                3.696,
                8.833333333333332,
                -1.365,
                9.2,
                -1.365,
                1,
                9.683333333333334,
                -1.365,
                10.166666666666666,
                -0.012,
                10.65,
                -0.012,
                1,
                10.705666666666668,
                -0.012,
                10.761333333333333,
                -10.0,
                10.817,
                -10.0,
                1,
                10.978,
                -10.0,
                11.139000000000001,
                -0.012,
                11.3,
                -0.012,
                1,
                11.950000000000001,
                -0.012,
                12.6,
                -0.8509998324999999,
                13.25,
                -1.015,
                1,
                14.011,
                -1.2070002239,
                14.772,
                -1.22599980374,
                15.533,
                -1.365,
                1,
                15.683,
                -1.3919999895000001,
                15.833,
                -6.7,
                15.983,
                -6.7,
                1,
                16.383,
                -6.7,
                16.783,
                1.403,
                17.183,
                1.403,
                1,
                17.522,
                1.403,
                17.861,
                1.4120019499999987,
                18.2,
                -1.0,
                1,
                18.444333333333333,
                -2.7400022413333343,
                18.688666666666666,
                -10.0,
                18.933,
                -10.0,
                1,
                19.227666666666668,
                -10.0,
                19.522333333333332,
                10.0,
                19.817,
                10.0,
                1,
                20.089,
                10.0,
                20.361,
                -5.561,
                20.633,
                -5.561,
                1,
                21.055333333333333,
                -5.561,
                21.477666666666664,
                1.0,
                21.9,
                1.0,
                1,
                24.599999999999998,
                1.0,
                27.3,
                1.0,
                30.0,
                1.0
            ]
        },
        {
            "Target": "Parameter",
            "Id": "ParamEyeSizeMotion",
            "Segments": [
                0.0,
                0.0,
                1,
                3.1,
                -0.03600003495,
                6.200000000000001,
                -10.0,
                9.3,
                -10.0,
                1,
                11.383333333333335,
                -10.0,
                13.466666666666667,
                0.0,
                15.55,
                0.0,
                1,
                15.661,
                0.0,
                15.772,
                -1.3059990300000082,
                15.883,
                -3.0,
                1,
                16.205333333333332,
                -7.912005111000012,
                16.52766666666667,
                -10.0,
                16.85,
                -10.0,
                1,
                17.35,
                -10.0,
                17.85,
                -10.0,
                18.35,
                -10.0,
                1,
                18.900000000000002,
                -10.0,
                19.45,
                -10.0,
                20.0,
                -10.0,
                1,
                20.633333333333333,
                -10.0,
                21.266666666666666,
                -3.787,
                21.9,
                -3.787,
                1,
                23.589,
                -3.787,
                25.278,
                -3.787,
                26.967,
                -3.787,
                1,
                27.97233333333333,
                -3.787,
                28.977666666666668,
                0.0,
                29.983,
                0.0,
                1,
                29.988666666666667,
                0.0,
                29.994333333333334,
                0.0,
                30.0,
                0.0
            ]
        },
        {
            "Target": "Parameter",
            "Id": "ParamBodyAngleYMotion",