{
    "Version": 3,
    "Meta": {
        "Duration": 5.0,
        "Fps": 60.0,
        "Loop": true,
        "AreBeziersRestricted": true,
        "CurveCount": 2,
        "TotalSegmentCount": 21,
        "TotalPointCount": 23,
        "UserDataCount": 1,
        "TotalUserDataSize": 0
    },
    "Curves": [
        {
            "Target": "Parameter",
            "Id": "ParamEyeOpenMotion",
            "Segments": [
                0.0,
                0.0,
                1,
                0.35000000000000003,
                -0.012000013900000002,
                0.7,
                -0.38999931499999996,
                1.05,
                -1.0,
                1,
                1.2666666666666666,
                -1.3770003033333333,
                1.4833333333333334,
                -1.507,
                1.7,
                -1.507,
                1,
                2.533333333333333,
                -1.507,
                3.3666666666666667,
                -1.507,
                4.2,
                -1.507,
                1,
                4.466666666666667,
                -1.507,
                4.733333333333333,
                0.0,
                5.0,
                0.0
            ]
        },
        {
            "Target": "Parameter",
            "Id": "ParamBodyAngleYMotion",
            "Segments": [
                0.0,
                0.0,
                1,
                0.061,
                3.73500377,
                0.122,
                5.0,
                0.183,
                5.0,
                1,
                0.2996666666666667,
                5.0,
                0.41633333333333333,
                -5.921,
                0.533,
                -5.921,
                1,
                0.6443333333333333,
                -5.921,
                0.7556666666666667,
                5.0,
                0.867,
                5.0,
                1,
                0.989,
                5.0,
                1.111,
                -6.0,
                1.233,
                -6.0,
                1,
                1.3553333333333335,
                -6.0,
                1.4776666666666667,
                5.0,
                1.6,
                5.0,
                1,
                1.7276666666666667,
                5.0,
                1.8553333333333335,
                -6.0,
                1.983,
                -6.0,
                1,
                2.099666666666667,
                -6.0,
                2.2163333333333335,
                5.0,
                2.333,
                5.0,
                1,
                2.4663333333333335,
                5.0,
                2.599666666666667,
                -6.0,
                2.733,
                -6.0,
                1,
                2.8443333333333336,
                -6.0,
                2.9556666666666667,
                5.0,
                3.067,
                5.0,
                1,
                3.183666666666667,
                5.0,
                3.300333333333333,
                -5.524,
                3.417,
                -5.524,
                1,
                3.528,
                -5.524,
                3.639,
                5.0,
                3.75,
                5.0,
                1,
                3.872333333333333,
                5.0,
                3.994666666666667,
                -6.0,
                4.117,
                -6.0,
                1,
                4.233666666666666,
                -6.0,
                4.350333333333333,
                5.0,
                4.467,
                5.0,
                1,
                4.5889999999999995,
                5.0,
                4.711,
                -5.904,
                4.833,
                -5.904,
                1,
                4.8886666666666665,
                -5.904,
                4.944333333333334,
                -3.3950072949999965,
                5.0,
                0.0
            ]
        }
    ],
    "UserData": [
        {
            "Time": 0.0,
            "Value": ""
        }
    ]
}