{
    "Version": 3,
    "Meta": {
        "Duration": 5.0,
        "Fps": 60.0,
        "Loop": true,
        "AreBeziersRestricted": true,
        "CurveCount": 2,
        "TotalSegmentCount": 12,
        "TotalPointCount": 14,
        "UserDataCount": 1,
        "TotalUserDataSize": 0
    },
    "Curves": [
        {
            "Target": "Parameter",
            "Id": "ParamEyeOpenMotion",
            "Segments": [
                0.0,
                0.0,
                1,
                0.32766666666666666,
                0.0,
                0.6553333333333333,
                -1.0,
                0.983,
                -1.0,
                1,
                1.8886666666666667,
                -1.0,
                2.7943333333333333,
                -1.0,
                3.7,
                -1.0,
                1,
                4.133333333333334,
                -1.0,
                4.566666666666666,
                0.0,
                5.0,
                0.0
            ]
        },
        {
            "Target": "Parameter",
            "Id": "ParamBodyAngleYMotion",
            "Segments": [
                0.0,
                0.0,
                1,
                0.12766666666666668,
                3.6150037160000004,
                0.2553333333333333,
                6.0,
                0.383,
                6.0,
                1,
                0.5443333333333333,
                6.0,
                0.7056666666666667,
                -8.0,
                0.867,
                -8.0,
                1,
                1.317,
                -8.0,
                1.7670000000000001,
                6.0,
                2.217,
                6.0,
                1,
                2.372333333333333,
                6.0,
                2.5276666666666667,
                -8.0,
                2.683,
                -8.0,
                1,
                3.0776666666666666,
                -8.0,
                3.4723333333333333,
                6.0,
                3.867,
                6.0,
                1,
                4.044666666666667,
                6.0,
                4.222333333333333,
                -8.0,
                4.4,
                -8.0,
                1,
                4.6000000000000005,
                -8.0,
                4.8,
                -5.658006599999997,
                5.0,
                0.0
            ]
        }
    ],
    "UserData": [
        {
            "Time": 0.0,
            "Value": ""
        }
    ]
}