{
    "Version": 3,
    "Meta": {
        "Duration": 5.0,
        "Fps": 60.0,
        "Loop": true,
        "AreBeziersRestricted": true,
        "CurveCount": 2,
        "TotalSegmentCount": 17,
        "TotalPointCount": 19,
        "UserDataCount": 1,
        "TotalUserDataSize": 0
    },
    "Curves": [
        {
            "Target": "Parameter",
            "Id": "ParamEyeOpenMotion",
            "Segments": [
                0.0,
                0.0,
                1,
                0.005666666666666667,
                0.0,
                0.011333333333333334,
                0.0,
                0.017,
                0.0,
                1,
                0.5056666666666667,
                0.0,
                0.9943333333333333,
                -2.0,
                1.483,
                -2.0,
                1,
                2.2720000000000002,
                -2.0,
                3.061,
                -2.0,
                3.85,
                -2.0,
                1,
                4.233333333333333,
                -2.0,
                4.616666666666667,
                -0.057000054999999994,
                5.0,
                -0.001
            ]
        },
        {
            "Target": "Parameter",
            "Id": "ParamBodyAngleYMotion",
            "Segments": [
                0.0,
                0.0,
                1,
                0.07766666666666668,
                -5.892006916666668,
                0.15533333333333332,
                -8.896,
                0.233,
                -8.896,
                1,
                0.42200000000000004,
                -8.896,
                0.611,
                9.422,
                0.8,
                9.422,
                1,
                0.961,
                9.422,
                1.1219999999999999,
                -9.155,
                1.283,
                -9.155,
                1,
                1.4663333333333333,
                -9.155,
                1.6496666666666666,
                8.829,
                1.833,
                8.829,
                1,
                1.9829999999999999,
                8.829,
                2.133,
                -8.846,
                2.283,
                -8.846,
                1,
                2.4496666666666664,
                -8.846,
                2.6163333333333334,
                7.925,
                2.783,
                7.925,
                1,
                2.933,
                7.925,
                3.083,
                -8.519,
                3.233,
                -8.519,
                1,
                3.411,
                -8.519,
                3.589,
                8.576,
                3.767,
                8.576,
                1,
                3.922333333333333,
                8.576,
                4.0776666666666666,
                -8.757,
                4.233,
                -8.757,
                1,
                4.411,
                -8.757,
                4.589,
                8.782,
                4.767,
                8.782,
                1,
                4.844666666666667,
                8.782,
                4.9223333333333334,
                5.892011576666658,
                5.0,
                0.0
            ]
        }
    ],
    "UserData": [
        {
            "Time": 0.0,
            "Value": ""
        }
    ]
}