{
    "Version": 3,
    "Meta": {
        "Duration": 5.0,
        "Fps": 60.0,
        "Loop": true,
        "AreBeziersRestricted": true,
        "CurveCount": 1,
        "TotalSegmentCount": 20,
        "TotalPointCount": 21,
        "UserDataCount": 1,
        "TotalUserDataSize": 0
    },
    "Curves": [
        {
            "Target": "Parameter",
            "Id": "ParamBodyAngleYMotion",
            "Segments": [
                0.0,
                0.0,
                1,
                0.049999999999999996,
                2.5130025,
                0.1,
                3.981,
                0.15,
                3.981,
                1,
                0.239,
                3.981,
                0.32799999999999996,
                -4.0,
                0.417,
                -4.0,
                1,
                0.528,
                -4.0,
                0.639,
                4.339,
                0.75,
                4.339,
                1,
                0.8276666666666667,
                4.339,
                0.9053333333333333,
                -4.0,
                0.983,
                -4.0,
                1,
                1.083,
                -4.0,
                1.1829999999999998,
                3.243,
                1.283,
                3.243,
                1,
                1.361,
                3.243,
                1.4389999999999998,
                -3.891,
                1.517,
                -3.891,
                1,
                1.617,
                -3.891,
                1.7169999999999999,
                3.963,
                1.817,
                3.963,
                1,
                1.9113333333333333,
                3.963,
                2.0056666666666665,
                -4.0,
                2.1,
                -4.0,
                1,
                2.211,
                -4.0,
                2.322,
                4.388,
                2.433,
                4.388,
                1,
                2.5163333333333333,
                4.388,
                2.5996666666666663,
                -4.0,
                2.683,
                -4.0,
                1,
                2.783,
                -4.0,
                2.883,
                3.755,
                2.983,
                3.755,
                1,
                3.061,
                3.755,
                3.1390000000000002,
                -4.0,
                3.217,
                -4.0,
                1,
                3.317,
                -4.0,
                3.417,
                3.363,
                3.517,
                3.363,
                1,
                3.5946666666666665,
                3.363,
                3.6723333333333334,
                -3.992,
                3.75,
                -3.992,
                1,
                3.8333333333333335,
                -3.992,
                3.9166666666666665,
                2.813,
                4.0,
                2.813,
                1,
                4.083333333333333,
                2.813,
                4.166666666666667,
                -4.0,
                4.25,
                -4.0,
                1,
                4.355666666666667,
                -4.0,
                4.461333333333333,
                4.111,
                4.567,
                4.111,
                1,
                4.655666666666667,
                4.111,
                4.7443333333333335,
                -4.0,
                4.833,
                -4.0,
                1,
                4.8886666666666665,
                -4.0,
                4.944333333333334,
                -2.7920059773333303,
                5.0,
                0.0
            ]
        }
    ],
    "UserData": [
        {
            "Time": 0.0,
            "Value": ""
        }
    ]
}